{
  "Israel": {
    "id": "Israel",
    "start_date": "2021-01-06",
    "duration": 6,
    "price": "800000",
    "guide": {
      "name": "Doron Cohen",
      "email": "meirc1@gmail.com",
      "cellular": "0501111111"
    },
    "path": []
  },
  "USA": {
    "id": "USA",
    "start_date": "2021-05-12",
    "duration": "1",
    "price": "4",
    "guide": {
      "name": "Sara L",
      "email": "d@gmail.com",
      "cellular": "0522222222"
    },
    "path": [
      {
        "name": "Pizza",
        "country": "France"
      },
      {
        "name": "Millano",
        "country": "Italy"
      }
    ]
  },
  "Italy": {
    "id": "Italy",
    "start_date": "1997-05-26",
    "duration": 6,
    "price": 3500,
    "guide": {
      "name": "Sara L",
      "email": "sarah@gmail.com",
      "cellular": "0533333333"
    },
    "path": [
      {
        "name": "Pizza",
        "country": "France"
      },
      {
        "name": "Millano",
        "country": "Italy"
      }
    ]
  },
  "America": {
    "id": "America",
    "start_date": "2021-01-01",
    "duration": 7,
    "price": 10000,
    "guide": {
      "name": "Doron",
      "email": "sarah@gmail.com",
      "cellular": "0500000000"
    }
  },
  "Malta": {
    "id": "Malta",
    "start_date": "2021-05-31",
    "duration": 1,
    "price": 1,
    "guide": {
      "name": "Ella",
      "email": "d@gmail.com",
      "cellular": "0500000000"
    },
    "path": [
      {
        "name": "MM",
        "country": "Malta"
      }
    ]
  },
  "abbbbbb": {
    "id": "abbbbbb",
    "start_date": "1996-09-24",
    "duration": 1,
    "price": 1,
    "guide": {
      "name": "awdawdad",
      "email": "aaa@gmail.com",
      "cellular": "0555555555"
    }
  },
  "Panama": {
    "id": "Panama",
    "start_date": "2021-05-13",
    "duration": 2,
    "price": 2,
    "guide": {
      "name": "elehandro",
      "email": "d@gmail.com",
      "cellular": "0508888888"
    }
  }
}